Feature,Count,Miss. (%),Card.,Min.,1st Qrt.,Mean,Median,3rd Qrt.,Max.,Std. Dev.
age,30940,0.0,72,17,38,38,37.0,35,90,13.639403068811818
fnlwgt,30940,0.0,20880,12285,82880,82880,178384.0,77146,1484705,105406.39438610482
education-num,30940,0.0,16,1,13,13,10.0,13,16,2.5699668370230184
capital-gain,30940,0.0,119,0,0,0,0.0,0,99999,7443.773041287165
capital-loss,30940,0.0,91,0,0,0,0.0,0,4356,401.7060231857947
hours-per-week,30940,0.0,93,1,15,15,40.0,45,99,12.336944975043277
